{
  "meta": {
    "title": "example benchmark"
  },
  "results": [
    {
      "fullName": "Array fill-new Array + indexing-Firefox 58.0.0 (Ubuntu 0.0.0)",
      "browser": "Firefox 58.0.0 (Ubuntu 0.0.0)",
      "suite": "Array fill",
      "name": "new Array + indexing",
      "count": 11560,
      "cycles": 5,
      "hz": 99353.88354346629,
      "hzDeviation": 28829.958152318475,
      "mean": 0.000010065031826989535,
      "deviation": 0.00000380175203085451,
      "variance": 1.4453318504106393e-11,
      "moe": 0.0000011363330289502028,
      "rme": 11.289909942491276,
      "sem": 5.797617494643892e-7,
      "sample": [
        0.000013775328830430146,
        0.000012886597938144329,
        0.000011286882332029862,
        0.000009598293636686811,
        0.000008176324209029506,
        0.000012175613224315678,
        0.000006932100959829364,
        0.000010487024528972627,
        0.00001173124777817277,
        0.000006843227870600782,
        0.000008976182012086741,
        0.000024173480270174193,
        0.00002399573409171703,
        0.000010575897618201208,
        0.000015552790615001777,
        0.000007109847138286527,
        0.000008531816565943833,
        0.00000950942054745823,
        0.000008329679964927664,
        0.000009644892590968873,
        0.000006663743971942131,
        0.000009381850065760632,
        0.000011924594476106972,
        0.000006663743971942131,
        0.000008241999123191583,
        0.000009644892590968873,
        0.0000065760631302060496,
        0.000008241999123191583,
        0.000009732573432704953,
        0.00000865051903114187,
        0.000010380622837370241,
        0.0000064878892733564015,
        0.000010640138408304498,
        0.000008996539792387543,
        0.00000657439446366782,
        0.0000078719723183391,
        0.000009256055363321799,
        0.000006660899653979239,
        0.000008304498269896194,
        0.00001245674740484429,
        0.0000073529411764705884,
        0.000009515570934256055,
        0.000012283737024221453
      ]
    },
    {
      "fullName": "Array fill-[] + pu-h-Firefox 58.0.0 (Ubuntu 0.0.0)",
      "browser": "Firefox 58.0.0 (Ubuntu 0.0.0)",
      "suite": "Array fill",
      "name": "[] + push",
      "count": 7255,
      "cycles": 4,
      "hz": 74443.21129754875,
      "hzDeviation": 13599.510010377066,
      "mean": 0.000013433058334936818,
      "deviation": 0.0000027861811565642264,
      "variance": 7.76280543719357e-12,
      "moe": 7.501143732605906e-7,
      "rme": 5.58409227859665,
      "sem": 3.8271141492887275e-7,
      "sample": [
        0.000011495925494761351,
        0.000024447031431897556,
        0.000011059371362048894,
        0.000011641443538998836,
        0.000012514551804423747,
        0.000010904970967285088,
        0.000011329839966010481,
        0.000011896331964311004,
        0.000012179577963461265,
        0.000010763347967709956,
        0.000010763347967709956,
        0.000011613085965160743,
        0.000011046593966860218,
        0.000011046593966860218,
        0.00001118821696643535,
        0.000012321200963036396,
        0.000010763347967709956,
        0.00001274606996176179,
        0.000018694235943917294,
        0.000016569890950290327,
        0.000016003398951989804,
        0.00001572015295283954,
        0.000016145021951564934,
        0.00001543690695368928,
        0.000016569890950290327,
        0.000013595807959212577,
        0.000012462823962611528,
        0.000011329839966010481,
        0.000010904970967285088,
        0.000014445545956663362,
        0.000013029315960912051,
        0.000010763347967709956,
        0.00001118821696643535,
        0.00001557852995326441,
        0.0000182693669451919,
        0.000014445545956663362,
        0.000015153660954539017,
        0.000013170938960487183,
        0.000015861775952414674,
        0.000015295283954114147,
        0.00001572015295283954,
        0.000014870414955388755,
        0.000011440385940730531,
        0.000010751206064782909,
        0.00001171605789110958,
        0.000012129565816678152,
        0.000015851137146795315,
        0.000017918676774638182,
        0.00001598897312198484,
        0.000011578221915920056,
        0.000010751206064782909,
        0.000011302549965541006,
        0.000011578221915920056
      ]
    }
  ]
}
