{
  "meta": {
    "title": "example benchmark"
  },
  "results": [
    {
      "fullName": "Array fill-new Array + indexing-Firefox 52.0.0 (Ubuntu 0.0.0)",
      "browser": "Firefox 52.0.0 (Ubuntu 0.0.0)",
      "suite": "Array fill",
      "name": "new Array + indexing",
      "count": 12033,
      "cycles": 4,
      "hz": 91147.06919168353,
      "hzDeviation": 23522.083898954723,
      "mean": 0.000010971279810401653,
      "deviation": 0.0000026663178455823974,
      "variance": 7.109250853671158e-12,
      "moe": 8.477663853895116e-7,
      "rme": 7.7271421387481265,
      "sem": 4.325338700966896e-7,
      "sample": [
        0.000011391270958658646,
        0.000018676677616142656,
        0.00001285781323322384,
        0.000012482402627874238,
        0.000012576255279211638,
        0.000012482402627874238,
        0.000007132801501642421,
        0.00001315904903938942,
        0.000011404509167470831,
        0.000008509518378805158,
        0.0000067549785068865685,
        0.000011404509167470831,
        0.000011141328186683042,
        0.00001500131590490394,
        0.000012281779103430127,
        0.000016404947802438812,
        0.00001622949381524695,
        0.000011053601193087113,
        0.000006930432494078428,
        0.000009649969295552241,
        0.000009649969295552241,
        0.000009123607333976664,
        0.000009477459016393443,
        0.00001016051912568306,
        0.000010331284153005463,
        0.000009640156237014876,
        0.000009557051441868196,
        0.000010886728164215076,
        0.000009557051441868196,
        0.000007811850743787917,
        0.000009723261032161557,
        0.000009390841851574837,
        0.000010720518573921716,
        0.000009972575417601595,
        0.000006565278816587717,
        0.000011302252139948476,
        0.000012216404886561954,
        0.000013296767223468795
      ]
    },
    {
      "fullName": "Array fill-[] + pu-h-Firefox 52.0.0 (Ubuntu 0.0.0)",
      "browser": "Firefox 52.0.0 (Ubuntu 0.0.0)",
      "suite": "Array fill",
      "name": "[] + push",
      "count": 6865,
      "cycles": 3,
      "hz": 75508.65193585253,
      "hzDeviation": 10275.06699898043,
      "mean": 0.000013243515469585368,
      "deviation": 0.000002079492846501385,
      "variance": 4.3242904986504324e-12,
      "moe": 5.495815661129756e-7,
      "rme": 4.14981631859854,
      "sem": 2.803987582209059e-7,
      "sample": [
        0.000013851891315929675,
        0.000015095009767359263,
        0.000016338128218788846,
        0.000014004309018159433,
        0.000012619267466912897,
        0.00001677439212065251,
        0.0000198522622345337,
        0.00001646660510926439,
        0.000019698368728839644,
        0.000013234841489689133,
        0.000014158202523853493,
        0.000013546977421704297,
        0.000011653313911143482,
        0.00001442097596504006,
        0.000011507647487254188,
        0.000011070648215586307,
        0.000013838310269482885,
        0.000012090313182811363,
        0.000014566642388929352,
        0.0000112163146394756,
        0.000013838310269482885,
        0.000011507647487254188,
        0.000014275309541150766,
        0.0000112163146394756,
        0.000013838310269482885,
        0.000011507647487254188,
        0.000015149308084486525,
        0.000011798980335032775,
        0.000011507647487254188,
        0.000012672978878368535,
        0.0000112163146394756,
        0.000012527312454479242,
        0.000012090313182811363,
        0.000012527312454479242,
        0.000011798980335032775,
        0.000012818645302257828,
        0.000011361981063364894,
        0.00001369264384559359,
        0.000012090313182811363,
        0.000013109978150036416,
        0.000011798980335032775,
        0.000012964311726147123,
        0.000011653313911143482,
        0.000011070648215586307,
        0.000012818645302257828,
        0.00001442097596504006,
        0.00001908230152949745,
        0.000011798980335032775,
        0.000012672978878368535,
        0.000011070648215586307,
        0.000012818645302257828,
        0.000011798980335032775,
        0.000012818645302257828,
        0.000012090313182811363,
        0.000012964311726147123
      ]
    },
    {
      "fullName": "Array fill-new Array + indexing-Chrome 57.0.2987 (Linux 0.0.0)",
      "browser": "Chrome 57.0.2987 (Linux 0.0.0)",
      "suite": "Array fill",
      "name": "new Array + indexing",
      "count": 5835,
      "cycles": 4,
      "hz": 66746.36007814645,
      "hzDeviation": 8136.698185799855,
      "mean": 0.000014982090391583942,
      "deviation": 0.0000021266914500694148,
      "variance": 4.5228165237983504e-12,
      "moe": 5.426684219984619e-7,
      "rme": 3.622114189774887,
      "sem": 2.768716438767663e-7,
      "sample": [
        0.000014670823399963323,
        0.000014487438107463782,
        0.000013558725127663321,
        0.000013910899806303927,
        0.000013382637788343018,
        0.00001408698714562423,
        0.000014263074484944532,
        0.000013558725127663321,
        0.000013558725127663321,
        0.000014439161824264836,
        0.00001461524916358514,
        0.00001408698714562423,
        0.000014439161824264836,
        0.000013910899806303927,
        0.000013910899806303927,
        0.000013734812466983623,
        0.000013558725127663321,
        0.00001408698714562423,
        0.00001725655925338968,
        0.000020073956682514528,
        0.000015143511181546045,
        0.000013206550449022714,
        0.00001408698714562423,
        0.000013382637788343018,
        0.000014791336502905442,
        0.000014439161824264836,
        0.00001408698714562423,
        0.000013734812466983623,
        0.000013910899806303927,
        0.000015671773199506956,
        0.000014263074484944532,
        0.000013558725127663321,
        0.00002148265539707695,
        0.000016904384574749077,
        0.000020778306039795736,
        0.00001461524916358514,
        0.00001408698714562423,
        0.00001672829723542877,
        0.000013382637788343018,
        0.000013206550449022714,
        0.000013382637788343018,
        0.000014967423842225745,
        0.000013382637788343018,
        0.000015143511181546045,
        0.000013734812466983623,
        0.000016966580976863755,
        0.000013196229648671807,
        0.000013367609254498715,
        0.000013196229648671807,
        0.000015424164524421593,
        0.000013196229648671807,
        0.00001610968294772922,
        0.000013196229648671807,
        0.000013367609254498715,
        0.000018508997429305914,
        0.000018851756640959726,
        0.000020565552699228792,
        0.0000181662382176521,
        0.0000181662382176521
      ]
    },
    {
      "fullName": "Array fill-[] + pu-h-Chrome 57.0.2987 (Linux 0.0.0)",
      "browser": "Chrome 57.0.2987 (Linux 0.0.0)",
      "suite": "Array fill",
      "name": "[] + push",
      "count": 4019,
      "cycles": 4,
      "hz": 47391.43746518797,
      "hzDeviation": 5786.463219038002,
      "mean": 0.00002110085816102463,
      "deviation": 0.000003075209488294326,
      "variance": 9.45691339689545e-12,
      "moe": 7.847020216651125e-7,
      "rme": 3.7188156788548756,
      "sem": 4.0035817431893497e-7,