{
  "meta": {
    "title": "example benchmark"
  },
  "results": [
    {
      "fullName": "Array iteration-for-loop-Firefox 58.0.0 (Ubuntu 0.0.0)",
      "browser": "Firefox 58.0.0 (Ubuntu 0.0.0)",
      "suite": "Array iteration",
      "name": "for-loop",
      "count": 3763664,
      "cycles": 7,
      "hz": 45612325.23742707,
      "hzDeviation": 3613969.118173467,
      "mean": 2.1923898744356334e-8,
      "deviation": 2.0175494061423282e-9,
      "variance": 4.070505606225262e-18,
      "moe": 5.063086329029444e-10,
      "rme": 2.309391403448617,
      "sem": 2.5832073107293084e-10,
      "sample": [
        2.0735261604946948e-8,
        2.1004550716699505e-8,
        2.208170716370974e-8,
        2.1543128940204623e-8,
        2.2620285387214853e-8,
        2.1543128940204623e-8,
        2.1543128940204623e-8,
        2.1273839828452066e-8,
        2.208170716370974e-8,
        2.1543128940204623e-8,
        2.1543128940204623e-8,
        2.181241805195718e-8,
        2.9621802292781354e-8,
        2.8275356734018567e-8,
        2.4774598281235316e-8,
        2.181241805195718e-8,
        2.181241805195718e-8,
        2.046597249319439e-8,
        2.0196683381441833e-8,
        2.0735261604946948e-8,
        2.0196683381441833e-8,
        2.1273839828452066e-8,
        2.0196683381441833e-8,
        2.0735261604946948e-8,
        2.2620285387214853e-8,
        2.1004550716699505e-8,
        2.046597249319439e-8,
        2.1543128940204623e-8,
        2.181241805195718e-8,
        2.1543128940204623e-8,
        2.2620285387214853e-8,
        2.1004550716699505e-8,
        2.046597249319439e-8,
        2.1273839828452066e-8,
        2.0735261604946948e-8,
        2.0193088437225003e-8,
        2.0458786969293752e-8,
        2.28500737579125e-8,
        2.12558825655e-8,
        2.2318676693775003e-8,
        2.311577228998125e-8,
        2.0990184033431253e-8,
        2.0458786969293752e-8,
        2.12558825655e-8,
        2.0990184033431253e-8,
        2.12558825655e-8,
        2.2318676693775003e-8,
        2.0990184033431253e-8,
        2.5241360546531254e-8,
        2.4444264950325e-8,
        2.07244855013625e-8,
        2.0458786969293752e-8,
        2.12558825655e-8,
        2.12558825655e-8,
        2.2318676693775003e-8,
        2.5772757610668755e-8,
        2.1787279629637502e-8,
        2.0458786969293752e-8,
        2.0990184033431253e-8,
        2.0458786969293752e-8,
        2.9226838527562502e-8
      ]
    },
    {
      "fullName": "Array iteration-forEach-Firefox 58.0.0 (Ubuntu 0.0.0)",
      "browser": "Firefox 58.0.0 (Ubuntu 0.0.0)",
      "suite": "Array iteration",
      "name": "forEach",
      "count": 3572244,
      "cycles": 5,
      "hz": 37429891.89228797,
      "hzDeviation": 7624802.951673643,
      "mean": 2.671661470136491e-8,
      "deviation": 5.881389060864899e-9,
      "variance": 3.4590737285261296e-17,
      "moe": 1.6141760257964662e-9,
      "rme": 6.041843414068477,
      "sem": 8.235591968349318e-10,
      "sample": [
        2.185792349726776e-8,
        3.0018214936247725e-8,
        2.331511839708561e-8,
        2.5063752276867028e-8,
        2.24408014571949e-8,
        2.3023679417122042e-8,
        3.3224043715846996e-8,
        2.1562644874020246e-8,
        2.127892586251998e-8,
        2.1846363885520512e-8,
        2.127892586251998e-8,
        2.1562644874020246e-8,
        2.1275142459473653e-8,
        2.29547589694321e-8,
        2.9673225009265885e-8,
        3.27525219441897e-8,
        3.331239411417585e-8,
        3.331239411417585e-8,
        2.631399198934899e-8,
        2.0995206374480578e-8,
        2.7153800244328217e-8,
        3.3032458029182775e-8,
        3.695156321908582e-8,
        3.219264977420355e-8,
        3.3592330199168925e-8,
        3.27525219441897e-8,
        3.527194670912737e-8,
        3.4152202369155076e-8,
        2.2674822884439026e-8,
        2.351463113941825e-8,
        2.4074503309404396e-8,
        4.5629581853871125e-8,
        2.799360849930744e-8,
        2.2674822884439026e-8,
        2.155507854446673e-8,
        2.155507854446673e-8,
        2.1275142459473653e-8,
        2.155507854446673e-8,
        2.29547589694321e-8,
        2.155507854446673e-8,
        2.2114950714452876e-8,
        2.155507854446673e-8,
        2.155507854446673e-8,
        3.3592330199168925e-8,
        3.3032458029182775e-8,
        3.331239411417585e-8,
        3.079296934923818e-8,
        2.239488679944595e-8,
        2.18350146294598e-8,
        2.155507854446673e-8,
        3.163277760421741e-8
      ]
    }
  ]
}
