{
  "meta": {
    "title": "example benchmark"
  },
  "results": [
    {
      "fullName": "Array fill-new Array + indexing-Firefox 52.0.0 (Ubuntu 0.0.0)",
      "browser": "Firefox 52.0.0 (Ubuntu 0.0.0)",
      "suite": "Array fill",
      "name": "new Array + indexing",
      "count": 12139,
      "cycles": 4,
      "hz": 98727.97654562866,
      "hzDeviation": 27216.967491775675,
      "mean": 0.000010128841236180249,
      "deviation": 0.000002668638610922848,
      "variance": 7.121632035708228e-12,
      "moe": 8.070885599070149e-7,
      "rme": 7.9682220412744975,
      "sem": 4.1177987750357906e-7,
      "sample": [
        0.000011250540891389008,
        0.000013534719497842293,
        0.000010396233817183209,
        0.000010215009473597496,
        0.00000914408106104292,
        0.000009967872147623362,
        0.00001680533816624104,
        0.000008732185517752697,
        0.000011615454320784249,
        0.000012686382733338825,
        0.000011944970755416425,
        0.000010544525908229674,
        0.000011368316994810116,
        0.000011285937886152072,
        0.000009473597495675097,
        0.000009308839278359009,
        0.000006507949583985502,
        0.000006590328692643546,
        0.000006425570475327457,
        0.000009473597495675097,
        0.000006507949583985502,
        0.000006343191366669413,
        0.000011862591646758381,
        0.000014416344015157754,
        0.000010215009473597496,
        0.00000840266908312052,
        0.000006425570475327457,
        0.000010050251256281408,
        0.000009473597495675097,
        0.000017052475492215174,
        0.000016228684405634733,
        0.000008649806409094653,
        0.000010709284125545762,
        0.000009226460169700963,
        0.000009638355712991185,
        0.00001029738858225554,
        0.000006425570475327457,
        0.000009555976604333141,
        0.000009473597495675097,
        0.000009803113930307274,
        0.00000972073482164923,
        0.000007661257105198122
      ]
    },
    {
      "fullName": "Array fill-[] + pu-h-Firefox 52.0.0 (Ubuntu 0.0.0)",
      "browser": "Firefox 52.0.0 (Ubuntu 0.0.0)",
      "suite": "Array fill",
      "name": "[] + push",
      "count": 8134,
      "cycles": 3,
      "hz": 78442.43259200944,
      "hzDeviation": 14860.243005587708,
      "mean": 0.000012748202305264374,
      "deviation": 0.0000027494055572365657,
      "variance": 7.55923091816331e-12,
      "moe": 7.698335560262384e-7,
      "rme": 6.0387616825655135,
      "sem": 3.9277222246236654e-7,
      "sample": [
        0.000010204081632653061,
        0.000013277600196705187,
        0.000010204081632653061,
        0.000013277600196705187,
        0.000010204081632653061,
        0.000012662896483894762,
        0.000012294074256208509,
        0.000014384066879763954,
        0.00001475288910745021,
        0.000012048192771084338,
        0.000012908777969018932,
        0.000010327022375215146,
        0.000012294074256208509,
        0.000011802311285960167,
        0.000020899926235554463,
        0.000010818785345463486,
        0.000012908777969018932,
        0.000014261126137201869,
        0.000010081140890090976,
        0.000013031718711581017,
        0.000010081140890090976,
        0.000013031718711581017,
        0.000010081140890090976,
        0.000011925252028522253,
        0.000010081140890090976,
        0.000012171133513646424,
        0.000012171133513646424,
        0.000009958200147528891,
        0.000011925252028522253,
        0.000009958200147528891,
        0.000012171133513646424,
        0.000010081140890090976,
        0.000012294074256208509,
        0.000010204081632653061,
        0.000011802311285960167,
        0.000010449963117777231,
        0.000012048192771084338,
        0.000012171133513646424,
        0.000010449963117777231,
        0.000012662896483894762,
        0.000010204081632653061,
        0.000016105237275633145,
        0.000019301696582247356,
        0.000013646422424391444,
        0.000014629948364888123,
        0.00001721170395869191,
        0.000019055815097123185,
        0.000017088763216129828,
        0.000019055815097123185
      ]
    }
  ]
}
