{
  "meta": {
    "title": "example benchmark"
  },
  "results": [
    {
      "fullName": "Array iteration-for-loop-Chrome 57.0.2987 (Linux 0.0.0)",
      "browser": "Chrome 57.0.2987 (Linux 0.0.0)",
      "suite": "Array iteration",
      "name": "for-loop",
      "count": 1521966,
      "cycles": 6,
      "hz": 18611548.076497894,
      "hzDeviation": 1098608.781359662,
      "mean": 5.373008176911248e-8,
      "deviation": 3.282171064475712e-9,
      "variance": 1.0772646896481627e-17,
      "moe": 8.236683273029442e-10,
      "rme": 1.532974267268735,
      "sem": 4.2023894250150214e-10,
      "sample": [
        6.105065923406296e-8,
        6.632664213083381e-8,
        6.331179476125048e-8,
        5.339291150159589e-8,
        5.339291150159589e-8,
        5.815433201881738e-8,
        5.6785994794845204e-8,
        6.020683785477563e-8,
        5.1312645898956504e-8,
        5.4049320346900854e-8,
        5.1312645898956504e-8,
        5.8838500630803456e-8,
        5.1312645898956504e-8,
        5.336515173491476e-8,
        5.327391515995826e-8,
        5.061021940196035e-8,
        5.393983909945774e-8,
        5.061021940196035e-8,
        5.327391515995826e-8,
        5.1276143341459824e-8,
        4.994429546246087e-8,
        5.5937610917956176e-8,
        5.061021940196035e-8,
        5.327391515995826e-8,
        5.061021940196035e-8,
        5.393983909945774e-8,
        5.1276143341459824e-8,
        5.393983909945774e-8,
        5.6603534857455653e-8,
        5.393983909945774e-8,
        5.061021940196035e-8,
        5.327391515995826e-8,
        5.061021940196035e-8,
        5.393983909945774e-8,
        5.8601306675954085e-8,
        5.52716869784567e-8,
        5.4605763038957216e-8,
        5.061021940196035e-8,
        5.4605763038957216e-8,
        5.061021940196035e-8,
        5.393983909945774e-8,
        4.994429546246087e-8,
        5.4605763038957216e-8,
        5.1276143341459824e-8,
        5.52716869784567e-8,
        5.19420672809593e-8,
        5.393983909945774e-8,
        5.1276143341459824e-8,
        5.2607991220458785e-8,
        5.4605763038957216e-8,
        5.4534726794159665e-8,
        5.0592457387352935e-8,
        5.4534726794159665e-8,
        5.0592457387352935e-8,
        5.4534726794159665e-8,
        5.1906547189621845e-8,
        5.4534726794159665e-8,
        4.993541248621848e-8,
        5.3220636991890755e-8,
        5.124950228848739e-8,
        5.387768189302521e-8
      ]
    },
    {
      "fullName": "Array iteration-forEach-Chrome 57.0.2987 (Linux 0.0.0)",
      "browser": "Chrome 57.0.2987 (Linux 0.0.0)",
      "suite": "Array iteration",
      "name": "forEach",
      "count": 428015,
      "cycles": 4,
      "hz": 5006933.430905638,
      "hzDeviation": 337621.9413602628,
      "mean": 1.9972304681093455e-7,
      "deviation": 1.49391487816825e-8,
      "variance": 2.2317816632124567e-16,
      "moe": 3.780126196614114e-9,
      "rme": 1.8926840226869392,
      "sem": 1.928635814599038e-9,
      "sample": [
        1.8706725896738873e-7,
        1.8924570400570073e-7,
        1.8223660385734145e-7,
        1.985911708701798e-7,
        2.4999123862481456e-7,
        1.9625480415406003e-7,
        2.032639043024193e-7,
        1.915820707218205e-7,
        1.985911708701798e-7,
        1.9625480415406003e-7,
        1.915820707218205e-7,
        2.032639043024193e-7,
        1.915820707218205e-7,
        2.1728210459913788e-7,
        2.2662757146361693e-7,
        2.5700033877317384e-7,
        2.0560027101853905e-7,
        1.8223660385734145e-7,
        1.915820707218205e-7,
        1.845729705734612e-7,
        2.0092753758629953e-7,
        2.0793663773465883e-7,
        2.289639381797367e-7,
        2.476548719086948e-7,
        1.8924570400570073e-7,
        2.0092753758629953e-7,
        2.0092753758629953e-7,
        1.915820707218205e-7,
        1.985911708701798e-7,
        1.9391843743794028e-7,
        2.0092753758629953e-7,
        1.8690933728958098e-7,
        1.985911708701798e-7,
        2.0092753758629953e-7,
        1.9625480415406003e-7,
        2.149457378830181e-7,
        1.9625480415406003e-7,
        2.0092753758629953e-7,
        1.8924570400570073e-7,
        2.032639043024193e-7,
        1.9625480415406003e-7,
        1.9391843743794028e-7,
        1.985911708701798e-7,
        1.915820707218205e-7,
        2.0092753758629953e-7,
        1.8924570400570073e-7,
        1.985911708701798e-7,
        1.9391843743794028e-7,
        1.9625480415406003e-7,
        1.9391843743794028e-7,
        1.915820707218205e-7,
        1.985911708701798e-7,
        1.8924570400570073e-7,
        1.985911708701798e-7,
        1.915820707218205e-7,
        2.0092753758629953e-7,
        1.8924570400570073e-7,
        1.985911708701798e-7,
        1.8924570400570073e-7,
        1.8924570400570073e-7
      ]
    }
  ]
}
