{
  "results": [
    {
      "fullName": "Array iteration-for-loop-Firefox 58.0.0 (Ubuntu 0.0.0)",
      "browser": "Firefox 58.0.0 (Ubuntu 0.0.0)",
      "suite": "Array iteration",
      "name": "for-loop",
      "count": 3742888,
      "cycles": 7,
      "hz": 47434620.19801982,
      "hzDeviation": 1785271.9081233426,
      "mean": 2.1081648716178517e-8,
      "deviation": 7.354974260804074e-10,
      "variance": 5.409564637709043e-19,
      "moe": 1.801968693896998e-10,
      "rme": 0.8547570060372593,
      "sem": 9.193717826005092e-11,
      "sample": [
        2.0572349479866885e-8,
        2.003800274013008e-8,
        2.297690980868249e-8,
        2.190821632920889e-8,
        2.164104295934049e-8,
        2.1373869589472087e-8,
        2.190821632920889e-8,
        2.1106696219603685e-8,
        2.0839522849735283e-8,
        2.2709736438814095e-8,
        2.164104295934049e-8,
        2.1106696219603685e-8,
        2.2442563068945694e-8,
        2.164104295934049e-8,
        2.1373869589472087e-8,
        2.164104295934049e-8,
        2.190821632920889e-8,
        2.190821632920889e-8,
        2.297690980868249e-8,
        2.0839522849735283e-8,
        2.0839522849735283e-8,
        2.1106696219603685e-8,
        2.0839522849735283e-8,
        2.0572349479866885e-8,
        2.1106696219603685e-8,
        2.1106696219603685e-8,
        2.0572349479866885e-8,
        2.0839522849735283e-8,
        2.190821632920889e-8,
        2.190821632920889e-8,
        2.164104295934049e-8,
        2.2442563068945694e-8,
        2.0572349479866885e-8,
        2.0572349479866885e-8,
        2.0572349479866885e-8,
        2.0305176109998483e-8,
        2.0572349479866885e-8,
        2.164104295934049e-8,
        2.0839522849735283e-8,
        2.0839522849735283e-8,
        2.0572349479866885e-8,
        2.0305176109998483e-8,
        2.0305176109998483e-8,
        2.003800274013008e-8,
        2.003800274013008e-8,
        2.0572349479866885e-8,
        2.1106696219603685e-8,
        2.0839522849735283e-8,
        2.2175389699077292e-8,
        2.0839522849735283e-8,
        2.0572349479866885e-8,
        2.0305176109998483e-8,
        2.0305176109998483e-8,
        2.0839522849735283e-8,
        2.0572349479866885e-8,
        2.190821632920889e-8,
        2.0305176109998483e-8,
        2.0305176109998483e-8,
        2.0305176109998483e-8,
        2.0305176109998483e-8,
        2.0839522849735283e-8,
        2.0572349479866885e-8,
        2.0839522849735283e-8,
        2.1106696219603685e-8
      ]
    },
    {
      "fullName": "Array iteration-forEach-Firefox 58.0.0 (Ubuntu 0.0.0)",
      "browser": "Firefox 58.0.0 (Ubuntu 0.0.0)",
      "suite": "Array iteration",
      "name": "forEach",
      "count": 3689942,
      "cycles": 6,
      "hz": 45554320.80650483,
      "hzDeviation": 1905960.4798805264,
      "mean": 2.1951814499607403e-8,
      "deviation": 8.730153667336619e-10,
      "variance": 7.621558305531101e-19,
      "moe": 2.1731120239865417e-10,
      "rme": 0.9899464228915595,
      "sem": 1.1087306244829295e-10,
      "sample": [
        2.4662207546113252e-8,
        2.3211489455165412e-8,
        2.1149534902500643e-8,
        2.0874865618052582e-8,
        2.0600196333604524e-8,
        2.2248212040292887e-8,
        2.1149534902500643e-8,
        2.0874865618052582e-8,
        2.1698873471396765e-8,
        2.1698873471396765e-8,
        2.2248212040292887e-8,
        2.1698873471396765e-8,
        2.1424204186948704e-8,
        2.1149534902500643e-8,
        2.1424204186948704e-8,
        2.1698873471396765e-8,
        2.0874865618052582e-8,
        2.334688917808513e-8,
        2.2248212040292887e-8,
        2.3072219893637067e-8,
        2.1149534902500643e-8,
        2.2248212040292887e-8,
        2.2522881324740945e-8,
        2.1973542755844826e-8,
        2.0874865618052582e-8,
        2.1698873471396765e-8,
        2.0874865618052582e-8,
        2.1424204186948704e-8,
        2.1973542755844826e-8,
        2.1973542755844826e-8,
        2.1698873471396765e-8,
        2.1698873471396765e-8,
        2.1698873471396765e-8,
        2.2797550609189006e-8,
        2.1424204186948704e-8,
        2.1149534902500643e-8,
        2.2248212040292887e-8,
        2.1698873471396765e-8,
        2.140955061082261e-8,
        2.439062727815234e-8,
        2.168055758057986e-8,
        2.168055758057986e-8,
        2.1951564550337106e-8,
        2.3577606368880593e-8,
        2.2493578489851605e-8,
        2.1951564550337106e-8,
        2.2222571520094355e-8,
        2.2493578489851605e-8,
        2.2493578489851605e-8,
        2.411962030839509e-8,
        2.276458545960885e-8,
        2.2222571520094355e-8,
        2.113854364106536e-8,
        2.1951564550337106e-8,
        2.276458545960885e-8,
        2.168055758057986e-8,
        2.1951564550337106e-8,
        2.140955061082261e-8,
        2.168055758057986e-8,
        2.0596529701550864e-8,
        2.276458545960885e-8,
        2.113854364106536e-8
      ]
    }
  ]
}
